Designator,Footprint,Quantity,Value,LCSC Part #
C1,CP_Radial_D10.0mm_P5.00mm,1,220uf,
"C10, C6",0603,2,2200pf,
C13,CP_Radial_D12.5mm_P5.00mm,1,C_Polarized 1000uf,
"C2, C3",0603,2,4.7uf,
C4,0603,1,0.1uf,
C5,0603,1,1uf,
"C7, C8, C9",0603,3,22uf,
D1,D_SMA,1,D,
"J1, J5",AMASS_XT60PW-M_1x02_P7.20mm_Horizontal,2,Conn_01x02_Pin,
"J2, J3",AMASS_XT30PW-F_1x02_P2.50mm_Horizontal,2,Conn_01x02_Pin,
J4,JST_XH_S2B-XH-A-1_1x02_P2.50mm_Horizontal,1,Conn_01x02_Pin,
K3,Relay_SPDT_RAYEX-L90S,1,Relay_SPDT,
L1,L_Radial_D12.0mm_P5.00mm_Neosid_SD12k_style2,1,22uH,
R1,R_Axial_DIN0207_L6.3mm_D2.5mm_P7.62mm_Horizontal,1,1k,
R2,R_Axial_DIN0516_L15.5mm_D5.0mm_P5.08mm_Vertical,1,100,
R3,R_Axial_DIN0207_L6.3mm_D2.5mm_P7.62mm_Horizontal,1,70,
R4,0603,1,20k,
R5,0603,1,164k,
R6,0603,1,0,
U2,HTSSOP-B24_ROM,1,BD99010EFV-ME2,
U5,DIP-4_W7.62mm,1,TLP785,
