Designator,Mid X,Mid Y,Rotation,Layer
C1,19.8832,-5.793277,90.0,top
C10,35.5854,-16.8148,270.0,top
C13,16.4,-37.823959,90.0,top
C2,26.6899,-9.8372,0.0,top
C3,26.6921,-8.3386,0.0,top
C4,23.8456,-15.3236,180.0,top
C5,26.2332,-20.6587,270.0,top
C6,18.7121,-22.0038,180.0,top
C7,52.2174,-20.9013,270.0,top
C8,53.6906,-20.8975,270.0,top
C9,55.1638,-20.9013,270.0,top
D1,36.4,-63.7356,180.0,top
H1,4.0,-4.0,0.0,top
H2,66.0,-4.0,0.0,top
H3,4.0,-66.0,0.0,top
H4,66.0,-66.0,0.0,top
J1,14.075,-53.0,90.0,top
J2,12.175,-18.0,90.0,top
J3,60.136,-15.5,270.0,top
J4,65.75,-27.47,90.0,top
J5,56.325,-51.0,270.0,top
JP1,6.8072,-30.35,90.0,top
JP2,16.275,-27.325,90.0,top
K3,36.9,-43.35,90.0,top
L1,45.1924,-18.2794,0.0,top
R1,63.0,-36.8934,270.0,top
R2,55.0,-29.35,90.0,top
R3,66.048,-36.868,270.0,top
R4,22.0403,-22.0038,0.0,top
R5,18.7198,-20.0152,0.0,top
R6,36.4713,-19.6924,0.0,top
U2,30.1084,-14.978601,270.0,top
U5,56.637,-39.005,180.0,top
